Date,Time,Elevation,Temperature,Humidity,Solar_Irradiance,Cloud_Cover,Wind_Speed,Solar_Production
2024-12-27,10:13:00,7,21,40,113,0.4621036428960764,4.998368948862065,197
2024-03-07,18:08:00,7,20,46,198,0.3936806011151735,4.710141392537997,270
2024-11-04,08:26:00,1,35,86,144,0.032660636715179936,8.472354127096594,719
2024-06-07,14:12:00,3,27,59,688,0.18119576048338543,4.829398233382626,957
2024-08-16,18:34:00,1,17,50,528,0.10155581051391138,4.698843905147676,624
2024-03-21,14:07:00,7,15,37,792,0.14172449033348583,1.8118128881306053,828
2024-10-21,08:05:00,4,20,80,119,0.4177307231186321,4.391001951179399,113
2024-05-13,10:58:00,5,24,48,420,0.42739103227829556,1.909087824182652,703
2024-11-30,16:29:00,8,12,70,683,0.4927899140069757,1.4937660732706308,625
2024-12-14,09:09:00,3,14,74,612,0.20162496626333393,1.2475987244708202,629
2024-11-21,08:06:00,7,24,57,141,0.0098468680703514,9.730226912123443,669
2024-01-29,17:28:00,3,22,43,207,0.3600542285136801,9.340308545858013,798
2024-01-18,09:17:00,8,12,85,769,0.48215841455003944,7.042500879954127,632
2024-06-11,18:58:00,6,27,72,245,0.15046083397261423,6.164255512407743,623
2024-04-13,08:36:00,8,39,45,700,0.1897928162436449,9.838393033982465,517
2024-12-13,17:50:00,2,11,70,673,0.4709259301741753,8.200156292915576,213
2024-04-26,16:48:00,0,21,77,338,0.41623609134029793,6.4914692579228435,274
2024-09-24,18:43:00,8,17,30,187,0.3362678855964573,3.926745475469093,920
2024-12-29,12:09:00,5,24,82,527,0.18294415728172525,9.574565702547076,488
2024-07-27,08:46:00,3,38,80,453,0.48461584054940043,6.296901664010793,231
2024-10-18,15:56:00,9,20,81,297,0.33579386506758696,8.104895634886757,880
2024-12-04,10:34:00,3,33,32,194,0.40430518975922636,5.740546260562748,491
2024-09-03,12:36:00,9,21,62,460,0.11003234451747823,6.249637337049252,326
2024-10-25,17:55:00,7,33,81,630,0.20515350164962065,3.6551760530663655,263
2024-10-21,11:57:00,4,34,42,604,0.41385590403293915,1.5942360383411263,908
2024-01-09,14:20:00,6,34,43,521,0.3548291171105525,8.097146749777332,343
2024-01-20,17:41:00,6,18,41,638,0.37897742167206105,2.2577082604108614,140
2024-02-18,08:48:00,9,23,66,580,0.05188083168132851,5.772768942627618,275
2024-04-17,11:31:00,1,15,89,678,0.08071151513882308,5.208304628831141,159
2024-08-17,19:23:00,8,23,54,641,0.11397914898591388,3.619468453879626,592
2024-02-21,15:34:00,6,26,70,781,0.36663652758962806,4.914407091858445,209
2024-09-08,10:17:00,2,27,61,685,0.1294723698440482,2.5804310862668376,913
2024-11-19,10:39:00,7,26,61,453,0.23128678220752585,1.3195442204245458,702
2024-11-23,09:30:00,7,36,88,760,0.15944108368616783,6.0726007478703625,314
2024-05-04,16:27:00,5,33,63,479,0.33218835810859243,3.9007869051240895,215
2024-12-06,13:48:00,1,28,74,360,0.13065046165991784,7.183042023758377,831
2024-08-14,17:12:00,8,25,61,356,0.06574584085629886,1.5080719139945589,177
2024-05-13,16:17:00,2,18,55,658,0.24600983375753832,4.634241947200811,578
2024-04-03,16:13:00,6,37,82,441,0.394665121101738,2.5192117018871016,923
2024-05-29,16:35:00,4,21,85,159,0.3669289415536466,5.35241169894468,307
2024-04-29,19:53:00,4,27,40,682,0.3926131019269923,8.292946181755095,977
2024-03-18,10:16:00,4,27,68,692,0.10344893552630197,7.933494765856582,605
2024-07-24,09:25:00,7,17,70,397,0.07772395292808448,5.417181818127368,977
2024-05-13,19:46:00,6,32,74,614,0.12097178446023282,3.2631672735666895,396
2024-05-30,11:25:00,0,18,38,473,0.39411442247844003,4.233544578452802,604
2024-09-12,11:11:00,5,23,79,262,0.37976543989098266,2.246992738634394,469
2024-10-16,13:40:00,2,10,37,364,0.4199234924346842,3.5097276330977967,993
2024-07-28,12:56:00,4,31,31,378,0.47139136118495994,2.4060832509502847,641
2024-12-02,16:12:00,2,33,88,444,0.015612120036624433,5.024028624101027,130
2024-01-08,19:34:00,2,15,37,617,0.46741710683233595,3.0347430077268593,559
2024-10-17,19:16:00,0,25,83,644,0.3407944290626191,4.954665117445685,894
2024-08-26,19:05:00,2,20,85,325,0.3301894585992088,2.0511562460898674,674
2024-04-23,18:28:00,3,32,61,341,0.23347030703742794,4.96101232947342,901
2024-10-07,18:12:00,8,23,73,455,0.07344546048961614,2.124335014312394,558
2024-06-19,10:32:00,5,27,65,573,0.11996600679323322,2.7784239510301623,607
2024-10-18,16:02:00,5,30,55,320,0.37843483271274125,2.0866120974365128,984
2024-07-15,08:41:00,3,37,61,421,0.14089213692777214,9.22694935158817,254
2024-02-08,18:54:00,5,39,69,450,0.3850176628253002,6.920029014558092,219
2024-06-15,18:59:00,4,34,30,708,0.28635359081565076,7.949443301619056,313
2024-12-14,18:27:00,1,24,84,607,0.06748020031460483,9.728210665980068,903
2024-08-24,10:49:00,7,34,30,458,0.2695368971077199,4.722571552955811,985
2024-06-13,12:42:00,9,38,60,409,0.26747660465551587,9.39663833469505,653
2024-02-23,10:17:00,8,36,54,559,0.01179679537678574,3.648253272808769,168
2024-03-21,14:15:00,3,22,32,101,0.45253641253272286,9.750397002898412,427
2024-09-20,16:39:00,0,25,38,664,0.323503576763355,8.218994640154907,541
2024-08-03,08:30:00,5,36,60,559,0.10683148536786452,3.3144245388748312,260
2024-03-09,15:27:00,7,37,71,643,0.15193515685971326,6.768388884842681,463
2024-11-28,11:28:00,3,26,36,323,0.29139942149973336,8.121072532110366,893
2024-06-01,19:41:00,4,12,56,576,0.05978693179860611,8.42332324550584,667
2024-07-25,19:08:00,8,15,69,558,0.4856550814779132,6.432999630003604,825
2024-09-14,08:46:00,0,28,37,114,0.20083651781790318,3.9114813000754802,995
2024-02-02,14:12:00,1,11,52,646,0.48962049906603583,3.539543382826514,295
2024-01-24,17:42:00,5,22,55,451,0.40266546490540367,9.712076785713867,288
2024-03-03,08:44:00,7,32,72,366,0.28519973466970033,7.740422966008965,467
2024-04-19,10:25:00,7,20,35,213,0.36571870711754506,2.847223081827665,288
2024-08-06,12:17:00,3,34,35,174,0.09675569131101791,7.092017995207013,758
2024-04-16,10:53:00,6,11,60,392,0.4267443083073586,5.198907591038171,384
2024-03-22,14:46:00,3,19,38,602,0.2830729695788845,8.638001229991257,559
2024-07-13,19:55:00,5,24,48,362,0.04902260616144055,6.770559954131516,684
2024-02-08,18:00:00,9,14,41,260,0.009787936718095192,6.2676610942512685,126
2024-06-22,12:07:00,5,10,74,233,0.2283770307393327,1.1340968049723308,635
2024-12-17,18:06:00,4,23,85,357,0.27219383387271073,9.796150339346607,496
2024-07-27,15:05:00,6,27,69,184,0.24917523683347315,7.042160520946632,747
2024-06-06,08:24:00,9,34,43,122,0.09307969349352807,9.62597109658859,309
2024-12-30,19:56:00,4,33,69,496,0.13731696941329402,1.685756192746146,156
2024-03-07,11:30:00,8,17,85,643,0.3888963278146216,5.312306253234244,130
2024-06-03,14:42:00,3,13,89,705,0.040915884055312046,2.2267526864552245,301
2024-03-25,12:06:00,7,15,83,580,0.2964913633356839,9.809198736291055,673
2024-01-16,09:45:00,0,29,35,691,0.2595589306325474,5.868798981386385,755
2024-04-18,11:07:00,2,34,55,477,0.3783168125823299,3.485894902120621,685
2024-06-19,18:39:00,6,37,64,718,0.2521810087926837,6.944248655480625,892
2024-01-03,19:38:00,0,14,74,624,0.17793306929259556,6.39436562378117,958
2024-04-11,10:30:00,4,26,62,255,0.3971134318076634,9.348676892071246,932
2024-12-07,14:42:00,5,19,58,786,0.004493215014502949,7.131956941970104,545
2024-07-09,12:30:00,5,24,74,198,0.04551347511651238,7.463344426176077,282
2024-10-17,10:22:00,3,12,44,429,0.0023683108374318307,5.170688430263871,764
2024-09-02,13:05:00,4,18,35,387,0.07508378135523447,7.822309932360882,892
2024-09-27,19:37:00,8,27,39,729,0.39171574190018354,8.907621109576176,871
2024-01-12,14:00:00,4,22,89,120,0.18500399132312895,1.419212749761742,537
2024-01-08,10:16:00,9,27,30,599,0.2097779173058948,5.288098860889515,206
2024-11-02,18:36:00,0,33,32,736,0.09085012049312197,2.0202139491779136,456
2024-02-14,09:39:00,0,11,57,311,0.06923261095494027,6.795140578686875,382
2024-07-28,17:16:00,3,19,43,124,0.24574076070354245,9.319931310684058,128
2024-02-03,09:25:00,7,31,75,623,0.33850574264122857,7.188590140774069,833
2024-06-10,18:04:00,7,18,79,279,0.2991920220526609,1.369531281732515,365
2024-08-28,16:43:00,3,13,44,789,0.10536350646915577,9.020286735548916,127
2024-02-01,19:33:00,6,33,39,670,0.2281404319382236,7.189582960561217,148
2024-02-27,09:47:00,3,16,71,769,0.1022938534536793,6.17195137282348,270
2024-12-27,15:13:00,6,38,50,229,0.2107357430816474,6.99517034985186,903
2024-09-05,10:36:00,3,18,82,571,0.3260319134093155,9.87394485109608,631
2024-02-20,13:06:00,5,34,49,394,0.12100995311441609,7.439381682903126,453
2024-11-25,17:36:00,1,17,87,307,0.018950233233774982,1.4277449905928083,664
2024-02-26,18:46:00,2,21,57,316,0.49176570007275083,7.744929169776234,816
2024-08-01,09:26:00,7,36,37,606,0.01471560560449775,2.599638983489641,687
2024-01-16,12:12:00,9,23,87,724,0.2972502899360376,2.7668031140563167,730
2024-04-27,19:53:00,8,36,52,195,0.26751141279675544,3.159820353063575,176
2024-08-13,14:50:00,1,34,59,257,0.11740333660455071,8.825302679613905,388
2024-05-23,16:42:00,1,23,86,729,0.43218863892004017,9.491526173923557,751
2024-09-24,16:29:00,8,18,79,122,0.3068881198271134,6.478166452087955,546
2024-12-05,09:23:00,9,13,77,258,0.1602046415589407,4.643512951595622,638
2024-06-12,14:06:00,1,11,73,722,0.08485972485272042,9.813840125574453,441
2024-10-13,10:47:00,0,10,87,139,0.47556151326722346,3.1973571491130333,357
2024-02-03,10:12:00,8,38,87,556,0.20081099886632348,1.3105336949190116,746
2024-12-05,12:42:00,1,27,79,643,0.09291138835552049,4.89759243101852,807
2024-06-04,14:17:00,7,13,31,488,0.4223658515653722,8.466686587826292,612
2024-09-11,14:30:00,0,30,83,425,0.27403983333856075,3.5277821198361856,511
2024-08-19,15:04:00,6,38,31,494,0.2190418710333249,3.827841059421618,769
2024-09-22,16:24:00,9,18,52,583,0.0067570721913178255,4.540252475221667,595
2024-04-11,12:13:00,1,15,72,235,0.017575539343079816,3.914172485015843,279
2024-07-04,08:23:00,7,11,80,702,0.258457621084932,7.076831180947274,383
2024-11-15,19:00:00,9,13,87,500,0.2351371376470015,7.1216085047257325,135
2024-07-16,17:39:00,4,26,59,763,0.05240880205958143,4.172757630391398,700
2024-04-11,09:59:00,9,23,82,545,0.14681388067320683,4.239991924993136,621
2024-10-14,14:53:00,1,12,41,593,0.19933023943072703,7.815982240526851,406
2024-03-22,15:25:00,1,17,56,447,0.2787584941701341,2.7129942573884227,532
2024-02-16,14:52:00,2,20,68,397,0.0490998458027887,4.984944956031095,312
2024-12-10,16:13:00,1,36,63,679,0.34625782989922427,2.53284863559507,154
2024-05-13,10:11:00,9,18,38,354,0.038782978906004906,6.156004810045523,560
2024-03-08,15:43:00,2,30,68,290,0.032967842630713284,5.675589874188029,688
2024-05-28,13:17:00,9,31,42,706,0.2751226030470984,6.820118049916758,439
2024-10-01,08:05:00,9,10,71,779,0.06339724958384269,4.2707641455043746,599
2024-06-14,12:32:00,9,20,52,211,0.006565795818160802,1.3837602953774686,691
2024-03-24,16:51:00,5,35,35,505,0.06664310477096247,7.8324072885557845,905
2024-01-10,11:57:00,4,31,52,180,0.02498838112192331,9.893167951271257,588
2024-01-01,15:54:00,8,28,63,642,0.19979465771766275,4.390252974242405,616
2024-05-13,16:02:00,9,14,83,740,0.27417506641146383,2.088713999776429,534
2024-09-23,17:13:00,0,20,30,348,0.45777193987838927,4.655478970093867,167
2024-02-18,09:21:00,7,30,57,283,0.29894079228813575,8.626243529667452,755
2024-11-22,08:52:00,4,23,38,419,0.26255204484691863,4.657233200492987,468
2024-02-07,13:12:00,0,19,67,395,0.29105811305144264,3.1213535744561756,490
2024-01-19,09:19:00,4,33,83,279,0.4141921585892906,6.493875893037647,148
2024-06-24,19:24:00,0,30,64,662,0.33302025793810514,1.0963015280300188,155
2024-10-03,11:44:00,3,14,59,698,0.27385228437806797,7.039199624474907,422
2024-05-10,10:37:00,6,37,80,482,0.032964561686612215,7.834650946309669,952
2024-07-09,11:37:00,9,27,33,573,0.28454434683797636,2.1970486124409327,511
2024-04-05,16:43:00,3,27,35,647,0.39874684436157093,7.05001072645343,415
2024-10-09,18:54:00,9,30,81,100,0.2054352090165652,8.51732085102911,748
2024-05-16,16:03:00,6,24,69,780,0.25591716795457237,3.830395703512048,460
2024-03-29,18:07:00,0,14,82,123,0.08363596198180057,5.551138924013431,204
2024-02-21,10:42:00,3,32,78,442,0.08536697298567808,1.108343434459673,146
2024-09-26,17:10:00,3,12,41,577,0.3768864221658559,8.960146089988639,486
2024-07-03,15:12:00,5,29,44,761,0.3476763405836761,3.0205010499098734,716
2024-04-19,15:09:00,8,39,70,373,0.4073724963341232,8.279464156158088,646
2024-09-06,10:59:00,7,35,68,786,0.37991881301101554,9.836317304893555,478
2024-12-27,18:21:00,6,13,76,534,0.1926585900007582,6.850741065880128,359
2024-06-12,18:50:00,9,34,78,606,0.09177992758903941,7.240625079856243,712
2024-03-18,17:48:00,8,21,50,763,0.23769473100534255,3.8877843220936867,596
2024-12-30,16:16:00,6,25,87,365,0.24233331350215087,2.993342047923447,127
2024-09-15,10:16:00,5,19,44,239,0.31336303268376436,3.646910998998867,625
2024-06-03,13:34:00,8,30,86,425,0.3161704016544143,3.4026500643596087,941
2024-07-27,09:01:00,1,31,56,527,0.4147133423963481,3.946037604899556,442
2024-04-05,08:34:00,0,13,61,735,0.20142586003635649,7.444120525783926,865
2024-06-16,15:47:00,6,17,44,663,0.10958866378805471,1.7688653209036835,879
2024-12-15,13:14:00,9,16,34,118,0.21827019823357663,9.981996829994335,251
2024-05-14,15:04:00,1,30,80,511,0.3759758878515918,1.8726840508934883,707
2024-01-27,14:54:00,7,19,67,259,0.31654091708650045,6.2943499575516455,269
2024-07-26,10:37:00,9,29,53,274,0.45823792561931886,1.2008400473925147,750
2024-12-21,15:02:00,1,22,58,263,0.44369996362276626,4.454007867463298,340
2024-03-07,19:16:00,6,35,34,689,0.029770440959046407,4.9834595013364815,366
2024-01-21,16:00:00,3,15,62,792,0.15976381105842946,7.588416319661151,776
2024-12-25,11:21:00,1,26,46,174,0.19432278966627736,1.0866074591175265,599
2024-02-12,14:50:00,5,15,83,587,0.42739024626470795,9.726586699266244,208
2024-12-30,18:36:00,3,34,75,338,0.40589618030201613,7.129495015642556,217
2024-09-16,15:29:00,2,35,71,644,0.24551434934963257,7.927178658242765,545
2024-10-13,17:06:00,4,37,35,155,0.18361848917329038,3.8532757867743728,394
2024-12-21,08:20:00,6,34,56,601,0.18386200566312622,9.650681316427328,939
2024-04-04,18:15:00,8,11,42,263,0.05440063558873204,2.4630735709110865,582
2024-10-07,08:45:00,1,10,55,506,0.17905306530330328,4.1514688506536785,642
2024-09-02,19:17:00,5,20,82,736,0.18679657270590844,8.702730600726479,532
2024-12-06,15:09:00,3,16,63,249,0.246112452610445,4.864972579054006,889
2024-08-22,10:31:00,2,26,38,329,0.3235942903829508,8.38063509469168,804
2024-08-29,12:06:00,8,29,82,786,0.056306652441475535,8.361144261701162,432
2024-03-26,12:39:00,3,30,42,600,0.19230359303228545,8.999140505859156,620
2024-04-16,13:25:00,0,24,52,504,0.4775013878991729,7.7104504263166245,349
2024-12-02,18:44:00,1,27,62,456,0.220547052630039,9.385067794695475,928
2024-01-31,08:49:00,9,24,73,313,0.28745968273490596,3.174254302089696,117
2024-07-04,13:42:00,1,26,56,781,0.430931085790586,6.22383350987985,121
2024-07-22,14:09:00,5,26,69,391,0.44557568559201194,7.10893243786795,346
2024-09-24,08:20:00,0,14,85,264,0.04920232592345308,9.179736168338767,498
2024-10-14,18:26:00,6,11,44,415,0.05012837566802397,3.128607361352196,541
2024-10-19,16:50:00,1,14,36,732,0.32996232773058953,6.638790611157509,517
2024-05-07,18:51:00,9,33,75,606,0.36258379671126084,1.5444171391690582,977
2024-08-24,13:34:00,9,14,53,396,0.3995443171631458,8.110674047047846,189
2024-03-28,08:26:00,7,39,70,499,0.030960180372916812,4.950489797932626,812
2024-09-13,19:02:00,9,19,47,207,0.10251692607608692,7.348452362609801,123
2024-04-14,17:17:00,5,27,54,473,0.23864840856014252,3.7028381943588515,971
2024-11-27,09:10:00,8,36,37,483,0.22828456759701138,3.226658907398038,292
2024-05-21,18:10:00,6,11,62,498,0.02739918440664435,8.263153801200133,108
2024-09-03,17:30:00,9,20,41,680,0.47235075342349225,2.6191351771716294,949
2024-11-15,15:37:00,9,11,75,646,0.2727558628853501,1.329019211121129,435
2024-04-05,11:13:00,7,18,57,127,0.29769001710448784,3.3827160427064125,230
2024-04-26,08:40:00,9,18,49,796,0.2657078022378927,2.768468990638928,226
2024-07-24,10:45:00,1,14,72,650,0.0025597818219231794,1.9460816999075736,190
2024-09-17,12:02:00,4,31,58,449,0.39745721828640745,6.4071492155386185,437
2024-12-11,11:38:00,8,13,84,726,0.41200476815621156,6.445508049351382,636
2024-12-13,11:38:00,7,37,65,772,0.4086301998077548,4.307525611891469,300
2024-01-24,15:45:00,9,31,30,242,0.06986526949182564,5.4428853095420715,969
2024-03-11,09:18:00,2,32,75,184,0.32645353949420125,1.4092618720360315,187
2024-10-07,18:21:00,8,32,73,685,0.19446442846878692,2.447737919326898,857
2024-05-14,14:26:00,6,24,36,308,0.023926239940507465,3.9814083323135345,575
2024-06-27,11:12:00,8,31,45,657,0.34213833829216506,2.2666995308594284,640
2024-08-05,08:53:00,9,23,76,541,0.09413959161815488,2.194343792486984,892
2024-11-17,13:32:00,9,30,46,165,0.1482464193002982,6.301663555161754,993
2024-01-31,09:23:00,9,20,89,590,0.39397797334554746,3.462442129750647,690
2024-08-07,17:37:00,4,32,59,436,0.03295174198355816,5.917810360751146,158
2024-03-27,16:15:00,8,11,68,220,0.21522873016274624,4.069607308235595,102
2024-02-28,16:48:00,2,19,35,228,0.3479551692161776,1.680751578356317,421
2024-05-08,19:27:00,0,33,54,747,0.4411558156888799,2.5072695566464724,335
2024-06-01,09:26:00,8,34,89,159,0.10770816371955483,3.4906851842022935,725
2024-12-11,09:19:00,3,37,84,120,0.2805047797698779,5.159104166356418,165
2024-07-10,15:28:00,1,24,64,355,0.3815521628008176,1.493791703961945,912
2024-02-27,10:11:00,8,22,58,391,0.45299600564871434,8.017586406456985,100
2024-02-23,15:28:00,4,37,42,174,0.326149382456929,6.823882153652323,825
2024-01-22,16:54:00,4,25,66,561,0.25735902585393416,5.263450038767225,489
2024-07-05,12:49:00,9,32,48,439,0.24518645135719258,2.3314068419129614,970
2024-12-23,15:45:00,7,27,52,258,0.4119035392619299,8.152477536319491,736
2024-12-25,13:26:00,8,20,80,295,0.24671670513279437,1.8282772272934602,830
2024-06-10,15:01:00,1,25,50,709,0.18605198889506208,9.058348768761203,288
2024-07-07,16:29:00,1,20,72,746,0.235232298365961,2.653113639036091,436
2024-02-19,10:14:00,1,20,46,251,0.01578343993795117,3.5786335134747067,619
2024-04-22,18:14:00,5,22,72,786,0.23063715462891382,7.0577196745948765,206
2024-05-26,19:10:00,1,20,41,127,0.3846070384855303,8.170290124831677,506
2024-08-21,16:19:00,6,23,47,129,0.2612398760938579,1.369815260807651,794
2024-10-12,19:11:00,2,31,79,318,0.03512366053034266,7.228190376603565,569
2024-07-04,14:20:00,6,33,86,125,0.07598422288882672,9.027441289740734,764
2024-04-15,10:06:00,9,20,65,704,0.3412610482358521,6.063805962492413,137
2024-01-01,13:25:00,2,14,68,518,0.2011021486207354,3.4843987755122776,516
2024-01-05,11:48:00,2,28,67,663,0.42199313654804704,6.705601845316811,552
2024-03-23,15:36:00,3,36,87,393,0.4162798994773604,6.012064968894631,909
2024-01-26,14:08:00,8,39,76,505,0.2669965640757724,5.045164475930588,591
2024-12-21,16:59:00,7,33,69,396,0.43290717531587597,1.5044441343430792,429
2024-08-02,11:53:00,1,26,82,136,0.19972130748687328,5.606784481119718,147
2024-02-19,12:46:00,2,27,83,468,0.10133318292201254,7.989651533089408,111
2024-08-15,09:42:00,7,19,80,363,0.4158774931367513,6.718624343551971,407
2024-03-04,17:46:00,0,27,52,480,0.020579017212984052,2.7210032132813398,758
2024-05-24,15:04:00,4,23,46,243,0.21298549244101284,4.159215945767366,225
2024-04-21,10:15:00,7,21,78,790,0.060637158861227614,4.549630084323784,726
2024-03-26,12:52:00,9,30,80,676,0.07736847529776725,7.5276566282580815,755
2024-10-15,15:07:00,5,22,50,560,0.005578774339578096,8.218220395594468,368
2024-10-14,18:36:00,0,13,52,229,0.2601442623898232,6.0322153053680285,231
2024-01-24,10:05:00,0,14,69,406,0.15167426808213424,7.084344469259763,539
2024-09-20,12:25:00,4,26,58,792,0.4975248133345701,6.115354335566012,201
2024-08-23,15:12:00,7,38,66,320,0.029033943018726194,9.333843262992254,297
2024-07-01,16:37:00,2,29,46,227,0.3521823032863041,6.394871702798935,969
2024-03-04,10:33:00,8,18,77,331,0.4511587518156803,1.861990460305771,449
2024-03-08,16:03:00,6,29,64,327,0.26628356422875366,2.4779102374025115,851
2024-08-02,13:38:00,0,22,74,194,0.1354903297607229,3.6044673430735332,731
2024-12-21,08:44:00,1,18,52,391,0.052391802393942866,3.8074523856249924,366
2024-07-09,18:15:00,1,20,46,132,0.2414952944198283,8.17934207758591,133
2024-09-10,10:39:00,6,28,52,781,0.29583838217057234,8.064773957677126,458
2024-04-19,17:34:00,9,31,49,209,0.23948622678222292,4.877503630280934,364
2024-10-31,12:04:00,4,31,37,137,0.28813520800172837,3.6406058901890304,127
2024-01-07,09:44:00,4,11,45,451,0.0895154688250161,1.6578963979732566,622
2024-08-31,12:22:00,5,38,35,639,0.16673238599529383,1.900128699409847,674
2024-02-12,13:06:00,3,23,65,556,0.20431011995543608,9.414978049683128,578
2024-05-13,16:36:00,7,28,68,178,0.3343701761079403,7.745805158105145,999
2024-10-30,19:41:00,9,22,47,371,0.12067346386878458,9.732778470247357,871
2024-07-20,15:31:00,4,16,77,479,0.29177013712595945,2.9046685089584026,733
2024-05-08,12:19:00,8,21,51,141,0.1649848311309669,1.202999644838245,803
2024-06-27,18:41:00,0,32,80,292,0.3892210607002179,5.14098951400196,678
2024-01-03,12:35:00,2,17,65,638,0.13629142706402347,5.454010797402375,987
2024-01-14,15:41:00,1,12,64,459,0.34120658210001564,8.632406039763053,963
2024-01-03,13:53:00,7,25,38,716,0.42335623050730364,3.918004263232069,752
2024-01-14,18:25:00,1,21,62,407,0.09515858672099087,7.160451167320835,522
2024-08-03,13:59:00,8,21,88,773,0.43685115530401003,1.4159884089880692,317
2024-01-14,11:39:00,1,13,33,637,0.3731079806417068,8.703843692079534,757
2024-08-09,13:43:00,4,29,40,371,0.288594018346318,9.999591842032626,466
2024-01-07,12:30:00,4,20,76,747,0.14037992144479589,6.832301832539081,714
2024-03-01,14:18:00,4,24,75,296,0.4876397989575681,7.477682023192303,729
2024-07-18,14:58:00,8,24,69,253,0.4632040546042967,6.1628773039155815,562
2024-11-18,12:17:00,5,34,80,176,0.14982131065583004,4.077317961304107,170
2024-04-09,12:19:00,7,12,81,301,0.4684450246688412,9.30572256982818,635
2024-08-19,15:12:00,1,17,51,284,0.24821945453634592,6.97830542270907,820
2024-09-16,12:15:00,7,18,44,368,0.39765739033341896,8.937950094552598,290
2024-08-11,13:04:00,5,30,84,396,0.13487497889536554,3.7977005599771774,307
2024-02-02,09:30:00,6,35,67,222,0.27434250358948503,5.714532607887442,237
2024-01-30,12:19:00,7,38,70,425,0.13083012073408296,2.440001962656501,807
2024-03-30,14:29:00,0,30,50,687,0.2850349111089159,2.9781071222507247,482
2024-05-15,19:13:00,7,27,68,753,0.4952467047866542,3.922261501833565,126
2024-10-21,14:46:00,2,35,30,393,0.4911903747057098,8.62728274954696,958
2024-11-23,13:59:00,4,16,61,606,0.19170427392476724,9.176929044423115,621
2024-08-05,13:52:00,7,39,34,241,0.07309602876286375,2.6664317692346025,229
2024-12-23,11:51:00,5,20,89,618,0.45077562475765,4.14117904298192,250
2024-11-15,09:10:00,5,11,80,289,0.23112656264645492,1.6266259800762675,645
2024-10-20,12:07:00,3,28,38,270,0.2728870499180722,1.6505592314817004,505
2024-11-13,16:52:00,7,33,41,152,0.034830155664436424,4.3278228289441385,777
2024-09-17,16:39:00,1,38,72,316,0.14929558170341095,5.565361879204453,948
2024-04-21,08:18:00,7,30,86,681,0.09867293509599873,2.894552424790305,178
2024-11-18,09:53:00,6,31,61,369,0.3409391778966492,6.186202001667262,522
2024-04-21,12:31:00,1,18,66,787,0.09130870758510712,4.773629738821945,341
2024-04-02,08:53:00,7,25,47,299,0.1973567869023134,4.303907727796399,820
2024-04-23,13:48:00,5,30,68,498,0.03381265975305525,9.14568076711873,964
2024-09-16,10:58:00,0,10,39,291,0.04645055583581703,7.422410765592996,960
2024-02-14,09:26:00,2,22,57,513,0.07901108209062857,5.1220714569074275,345
2024-02-16,13:25:00,3,39,71,610,0.025449836831840933,5.824371147816487,827
2024-12-17,11:45:00,1,15,67,220,0.14079326045186608,5.617642264953222,934
2024-02-08,17:02:00,7,32,53,394,0.19758059817309137,6.569090274180866,831
2024-01-26,10:13:00,6,12,84,364,0.041294984089330855,5.294625512721933,748
2024-04-21,13:53:00,5,33,59,124,0.29241599735251644,4.5693939625523345,130
2024-05-03,10:17:00,7,33,68,364,0.40663793546003185,8.145571279507756,590
2024-04-17,15:50:00,8,31,38,649,0.2458200790096165,5.2814535938905065,263
2024-10-30,17:05:00,6,29,49,661,0.4767893568967533,5.566149803189647,738
2024-01-09,19:35:00,1,10,67,607,0.17030265020812996,4.663086745602357,925
2024-04-17,13:39:00,0,13,75,595,0.2503824331157326,7.518923460931223,231
2024-12-12,12:58:00,1,26,85,460,0.4293400941663967,2.201288601214548,492
2024-10-05,09:24:00,8,32,65,520,0.12410412823624534,3.2331467222404138,402
2024-01-08,13:43:00,5,36,65,383,0.178999027232642,7.962299666267686,212
2024-01-04,18:35:00,7,14,80,659,0.24644592705469454,4.013833622908671,118
2024-08-13,12:40:00,7,39,82,453,0.39724188753948625,5.874155674567329,411
2024-09-15,11:15:00,9,21,80,471,0.3985098903677266,5.575448903824727,811
2024-12-30,11:53:00,5,20,55,579,0.4389699641413073,3.9112325229121367,842
2024-05-27,16:09:00,3,29,51,695,0.4874507122016427,9.26178890112149,120
2024-10-24,16:37:00,5,31,38,765,0.4578254661727148,2.7440377703705296,787
2024-08-29,08:17:00,1,33,73,389,0.018018456888733048,5.876862035466537,264
2024-08-08,19:15:00,5,16,41,519,0.20044106352858554,4.317759839680963,171
2024-06-12,18:45:00,1,36,77,721,0.17010681236099134,9.131986989621097,165
2024-04-25,13:10:00,0,14,38,422,0.49936853689601435,7.247302521679599,283
2024-03-11,11:42:00,8,15,89,128,0.324916171810549,1.6567691542792746,898
2024-10-13,15:28:00,4,16,68,621,0.15465456046376563,6.215649171639754,849
2024-06-05,19:22:00,5,15,88,413,0.01590449687574197,1.1179946829447904,149
2024-12-14,12:55:00,1,31,71,785,0.07685409833658269,4.958465192515491,992
2024-02-27,08:45:00,0,25,69,582,0.4277161477138769,5.113358715156705,305
2024-07-25,19:22:00,4,35,47,406,0.3444361775567011,4.770802428598419,883
2024-06-01,08:12:00,2,34,89,229,0.412846909922914,6.372425304326232,302
2024-05-07,11:41:00,9,19,43,223,0.4524520363728721,6.376772868050693,936
2024-07-15,15:18:00,3,16,53,510,0.11684227960024629,7.069703806448487,511
2024-07-20,19:17:00,8,20,36,432,0.3641613782779586,5.465761853144274,479
2024-03-04,10:29:00,7,22,52,279,0.13021519142566113,2.2985342865666523,474
2024-12-02,16:43:00,9,17,61,297,0.2184176643985427,1.8992181082446133,105
2024-09-01,16:42:00,3,22,50,393,0.213849707618116,1.110316683980782,816
2024-12-12,19:54:00,0,38,78,231,0.36369318151793345,6.39427124019566,161
2024-03-04,19:30:00,8,22,46,685,0.24925770170310363,8.866614092889156,465
2024-05-14,19:24:00,6,25,73,194,0.0732361992042414,8.80332241686406,826
2024-08-22,14:24:00,0,14,61,618,0.0927814131730273,6.4012149083942695,103
2024-04-23,11:55:00,4,26,40,164,0.41365532326000437,1.772709458593001,949
2024-02-25,08:27:00,8,32,36,372,0.45771566380882583,8.169685918088415,256
2024-12-28,08:04:00,2,18,63,295,0.24137166966303114,8.752172855287608,344
2024-09-29,10:17:00,5,36,31,401,0.06472016213627568,1.9877731030482666,400
2024-04-28,12:53:00,1,26,69,596,0.16265335630085997,5.484922338016244,769
2024-09-29,13:31:00,3,12,57,671,0.17410123204315597,4.0889815099962625,692
2024-07-05,12:15:00,7,15,62,656,0.038255506892475255,7.378112131883083,423
2024-02-01,14:38:00,0,18,71,677,0.009630210635989511,5.6954491351862435,105
2024-11-07,14:13:00,1,19,64,527,0.21609372677887745,8.611737096632876,608
2024-11-29,14:27:00,0,31,68,422,0.014258374590182088,5.870801718382293,234
2024-02-12,19:58:00,3,15,65,729,0.3326504322549249,7.058952844983458,190
2024-06-27,11:22:00,8,27,82,694,0.41029621941220745,9.54685160744813,183
2024-08-12,10:55:00,2,31,32,562,0.22343348774616367,2.630506958263264,849
2024-11-06,19:05:00,8,34,45,308,0.2441441318870548,5.372613122009204,269
2024-02-25,17:43:00,6,37,47,460,0.30319567315980744,5.485208236448703,609
2024-01-30,10:37:00,5,15,76,540,0.23166683256707205,7.70750562163313,135
2024-05-21,11:52:00,5,37,35,679,0.13052155242207658,4.618087781616897,605
2024-01-16,17:36:00,6,28,88,734,0.06821442406066991,1.474631137782691,670
2024-01-18,14:35:00,4,13,32,135,0.15283358791676838,4.655371879866724,917
2024-04-16,19:58:00,7,13,86,494,0.4915852884983956,7.218706218880583,143
2024-03-01,15:04:00,5,29,49,151,0.4365863609561229,9.362164939569904,852
2024-10-04,17:56:00,0,31,60,132,0.36208559278633595,6.166013749381502,289
2024-04-14,13:29:00,5,16,32,280,0.36984004124563574,5.859253309442275,797
2024-06-21,19:38:00,1,33,63,758,0.4126645470054404,3.111012615856282,956
2024-02-20,16:15:00,4,37,81,731,0.09936808222921445,1.9876860348201304,126
2024-05-27,14:14:00,4,19,31,697,0.4509746835066345,4.841838503246638,797
2024-03-12,09:26:00,3,14,73,677,0.25698912494691445,3.3531305122312114,387
2024-07-19,15:06:00,6,31,32,125,0.38191572306086974,9.338904049389924,525
2024-05-07,16:19:00,8,15,54,409,0.2797426356887816,4.701864078467548,305
2024-07-05,09:18:00,6,15,66,656,0.032217399087278,7.764315345562418,183
2024-04-24,12:36:00,7,37,46,185,0.3600429243853139,5.008122959899807,714
2024-01-01,18:58:00,9,33,72,288,0.2799557888462881,5.248477108596201,572
2024-09-18,14:02:00,4,12,33,136,0.49418780640177146,2.6499721505202207,953
2024-12-03,09:52:00,0,34,63,329,0.10844915409516348,2.082249082813289,744
2024-06-10,09:52:00,5,34,49,509,0.07386595743524815,4.558661378462277,931
2024-06-28,19:56:00,2,26,65,560,0.02026640564412735,6.782058153502786,530
2024-09-18,16:19:00,4,38,84,240,0.3961470185267388,4.0287957699931605,207
2024-04-05,11:14:00,4,26,31,283,0.07176133047824068,1.267270392857192,854
2024-03-10,13:07:00,2,11,36,227,0.2617633754591741,2.428544438688597,989
2024-01-04,16:50:00,3,34,60,134,0.35330972047274206,9.377109825051644,698
2024-12-14,09:51:00,3,32,83,665,0.22993089560377877,6.018957622621948,825
2024-01-18,17:20:00,7,31,59,597,0.03071206492225803,1.3959984876172102,982
2024-12-09,12:17:00,9,28,61,109,0.04903772162764641,4.271388477019611,985
2024-03-05,13:56:00,8,27,54,263,0.0041920669156848556,8.367761813768537,427
2024-05-30,12:16:00,4,33,38,563,0.09252501390029516,8.131516276912418,955
2024-03-05,18:58:00,4,39,75,560,0.1851853429510979,8.320747250348948,958
2024-08-01,11:51:00,0,15,59,445,0.16623449478528357,7.639150253298833,214
2024-07-05,09:09:00,8,20,30,731,0.3933934570076147,6.503551103427543,872
2024-03-20,12:10:00,3,26,33,249,0.24632127588260155,3.2399531677396816,431
2024-01-15,12:53:00,9,15,81,662,0.43212586363098626,8.4681253103873,250
2024-01-18,17:50:00,7,13,41,147,0.19880037807796985,9.474713123893453,868
2024-10-27,18:59:00,1,10,52,514,0.36716026156665243,7.778598755056947,819
2024-08-03,14:57:00,0,12,56,432,0.36224676187736915,7.718997972747892,696
2024-01-10,17:08:00,2,36,38,595,0.02089351177198351,8.730724654198799,380
2024-07-13,17:10:00,5,33,43,775,0.1490017776020871,5.906158322585189,639
2024-12-16,12:59:00,7,22,34,511,0.3188823347564092,2.363553087318577,849
2024-10-17,12:32:00,3,23,75,740,0.21896290105804816,9.448813795853173,178
2024-02-19,14:41:00,7,17,44,586,0.38740830495292583,5.756124220774987,670
2024-09-12,09:32:00,3,29,59,562,0.3591981898402706,7.385691924595212,929
2024-08-01,11:16:00,2,27,80,498,0.3046389031858973,6.299298124732316,943
2024-04-16,19:44:00,4,35,53,338,0.1022233282651841,5.5021913565166845,170
2024-03-22,16:31:00,9,19,84,512,0.3318294153140748,4.5843789096280005,897
2024-11-15,15:05:00,6,24,42,566,0.4980357967655559,6.373672762713783,878
2024-01-03,15:03:00,8,28,69,638,0.2550120400090452,8.917926503338865,609
2024-02-13,09:23:00,9,32,64,460,0.3407878860537092,6.06953132842714,693
2024-08-29,18:40:00,2,17,85,799,0.31941241844939516,7.453042943212655,623
2024-12-20,19:45:00,8,34,44,562,0.003605217834514174,7.139877962804722,463
2024-05-30,08:27:00,7,32,48,787,0.18832548689861328,8.263490652823943,821
2024-02-25,14:44:00,0,30,47,706,0.42664326815786224,2.8951763387860368,208
2024-05-11,14:15:00,9,29,40,631,0.14230676458181823,7.641630487635144,509
2024-07-21,10:38:00,4,22,74,231,0.2599712853068775,6.914735137219065,856
2024-07-01,15:29:00,8,36,57,549,0.25929435046413846,8.404226836979454,716
2024-09-12,12:43:00,7,20,53,493,0.11048530943549545,4.210083532804087,813
2024-10-02,17:03:00,2,38,86,230,0.1295000382353616,1.7863723883573988,749
2024-02-10,15:11:00,2,38,52,370,0.03138965633975921,5.461987056880547,854
2024-11-27,13:28:00,6,34,75,436,0.2709524101595164,6.247729484842322,132
2024-01-28,09:54:00,4,36,70,420,0.06722348921449195,6.282275339507308,340
2024-06-23,10:52:00,9,14,77,308,0.2670152262324665,6.108621035659268,363
2024-09-11,11:02:00,4,10,37,377,0.33721803020680335,8.724843266407266,716
2024-07-15,08:06:00,6,26,33,786,0.3823494640887884,9.248527812009527,558
2024-10-15,08:19:00,0,23,58,220,0.4081318638309982,9.2219382150457,267
2024-02-23,19:46:00,8,13,56,354,0.3899893771860562,3.538384409074736,397
2024-02-08,10:45:00,2,36,33,197,0.4766858955640729,4.583531587742646,264
2024-12-23,08:42:00,1,31,33,778,0.06572836450714548,1.2521609951452426,435
2024-03-19,11:50:00,0,35,66,259,0.49694009205074446,6.136546662993653,544
2024-11-19,10:39:00,3,18,38,451,0.41444768899949397,5.80250027718359,110
2024-08-23,19:32:00,1,21,31,280,0.24999615245620954,3.7500041096437995,460
2024-05-02,16:58:00,6,37,31,148,0.23055174533709843,2.239603850544891,217
2024-05-14,17:05:00,1,11,56,609,0.2490961416648692,7.825738947628948,229
2024-02-09,11:43:00,2,30,62,634,0.2910733860908312,7.372385174968224,143
2024-09-29,15:38:00,2,11,65,516,0.27856756891538464,1.876090333412125,542
2024-10-20,13:14:00,9,30,66,349,0.4507160733330798,4.885399417462272,345
2024-09-09,09:16:00,7,38,85,252,0.2613041545424812,2.7930776846739325,106
2024-08-20,17:02:00,9,29,42,758,0.3511275267925187,2.083957650810442,960
2024-09-23,15:12:00,7,39,67,133,0.2143250410360656,7.072072587185898,913
2024-11-06,19:38:00,1,25,40,370,0.21600352763660052,6.07576570913311,485
2024-10-11,09:23:00,3,39,30,669,0.4043956962179601,2.7459486699330835,122
2024-07-03,15:42:00,6,25,40,502,0.07794329186436172,6.135277199140273,475
2024-06-23,19:38:00,2,24,43,473,0.08513955133733325,4.237328415708159,877
2024-08-20,16:35:00,8,12,66,590,0.4201846147933266,1.4406786984757338,373
2024-07-24,10:54:00,7,20,68,658,0.37365821050045483,2.6451502566609406,216
2024-01-04,12:23:00,5,15,50,141,0.22414284780573906,6.88227311141492,749
2024-08-19,19:32:00,7,17,75,428,0.34658149054044557,6.2122783994144966,355
2024-04-19,08:45:00,9,35,32,223,0.19009305524701958,1.0041255260125017,777
2024-05-21,18:14:00,7,12,44,499,0.24701179497648407,9.339302780833043,405
2024-10-06,16:54:00,0,25,87,743,0.2877495141301383,8.27032736924284,706
2024-07-04,10:55:00,2,32,42,708,0.24535592231629588,6.839794664351823,407
2024-10-15,17:54:00,0,19,62,622,0.4473509123137311,7.944187407581007,604
2024-02-28,15:08:00,1,22,80,422,0.29001802256317305,3.855748692925794,624
2024-09-04,11:04:00,7,38,86,661,0.13374588069255916,9.079500117610507,650
2024-07-03,18:30:00,9,13,88,505,0.40325796152390714,6.379869500442812,145
2024-11-28,10:07:00,4,12,59,247,0.03811522760131236,5.837959300881639,285
2024-02-20,18:24:00,8,33,66,437,0.08630028041475157,4.339866689961436,587
2024-10-10,18:41:00,0,31,82,360,0.474629761761072,2.5142028525307794,496
2024-01-07,12:01:00,6,12,54,105,0.41321393896339215,5.269716057830297,472
2024-07-06,10:12:00,3,33,69,430,0.2975399693534342,2.8481351114363194,331
2024-05-29,18:02:00,2,12,49,530,0.4783495307283664,6.385868159228739,571
2024-11-10,10:08:00,9,31,50,799,0.08461810083983029,6.19296090309105,803
2024-12-20,19:01:00,2,15,43,189,0.057253988113607546,8.052679233358141,624
2024-09-04,12:19:00,0,36,87,251,0.49393472660383303,9.526488297622112,611
2024-11-11,10:22:00,6,25,32,518,0.2210709078214908,4.48926564620227,486
2024-01-12,10:25:00,1,12,32,306,0.2780045142451643,7.964625366840202,752
2024-09-21,15:18:00,1,38,72,195,0.3527006272915951,6.747130881037279,454
2024-11-16,17:49:00,1,21,59,347,0.3861148680028912,3.4661232762771688,663
2024-08-20,11:28:00,9,31,82,253,0.4960947563259517,3.089029425497444,475
2024-08-31,13:55:00,4,24,50,202,0.4683162753263603,7.4703230660473325,586
2024-06-16,14:50:00,7,28,74,422,0.30627914327124,6.201176016754628,221
2024-03-11,15:39:00,1,25,69,779,0.31329041234735605,3.0773457044613632,397
2024-01-30,16:40:00,5,23,35,154,0.46455396675797656,5.20786327263488,575
2024-02-06,19:29:00,6,15,77,481,0.33285481503117825,5.182521236655881,226
2024-06-08,16:16:00,4,19,44,267,0.21041064828131512,5.8107378375137895,150
2024-09-16,17:51:00,1,19,74,108,0.1980094444262333,2.0169806482076624,470
2024-08-13,15:09:00,4,26,58,626,0.08644935704075374,6.231669478838784,620
2024-03-04,15:44:00,6,15,30,237,0.002560565559604433,7.904525445910624,958
2024-12-11,09:58:00,1,39,69,571,0.0680061621156346,1.1878940596155076,809
2024-08-24,14:49:00,2,18,82,591,0.29507227246960144,5.1881023718671315,692
2024-04-05,19:15:00,4,31,87,395,0.30773991578671794,8.207337206438908,796
2024-10-13,18:29:00,2,33,64,600,0.38312881541426164,6.889996605689283,502
2024-03-23,19:37:00,4,18,78,518,0.04129656959666267,4.092015463346778,433
2024-03-11,10:45:00,5,22,56,290,0.3605532319650067,6.284649191174312,836
2024-06-24,10:43:00,5,22,63,629,0.453595414822819,3.15617371325298,490
2024-09-04,16:16:00,8,38,67,342,0.17179887328913146,7.97807953844357,845
2024-05-10,13:13:00,7,21,75,399,0.06192352483875113,5.001834238773207,922
2024-09-08,19:29:00,9,11,51,441,0.23041505705797055,6.144672918869656,710
2024-12-18,11:51:00,4,25,34,144,0.3496020581876328,5.261662378848389,690
2024-08-16,09:36:00,6,25,76,310,0.07532538417941376,7.841377782754249,972
2024-04-12,14:39:00,1,38,31,730,0.09221011618874525,3.9611958238603986,469
2024-01-13,15:32:00,7,33,35,756,0.041268174397730895,5.9466065904818155,957
2024-04-03,12:25:00,9,28,34,503,0.1592189866847396,2.194814129997509,117
2024-08-31,16:52:00,6,29,48,716,0.03289526228147599,6.906419413009051,800
2024-12-11,12:51:00,3,37,51,205,0.038844560821852725,3.982562697887003,127
2024-05-03,18:11:00,9,35,40,179,0.23875661364966821,5.324387345202137,125
2024-12-16,15:09:00,7,39,55,743,0.33149607753840715,2.2230398066317814,148
2024-05-04,18:06:00,9,39,42,306,0.16656797126642076,3.3579996095117286,847
2024-08-12,12:44:00,2,31,89,300,0.09955381660895124,7.8182855623268805,580
2024-01-21,18:58:00,5,26,39,715,0.3180713015912047,1.5447013597746662,952
2024-10-31,13:21:00,9,36,60,403,0.0780346525091829,5.915378562200097,894
2024-10-23,13:59:00,2,25,69,731,0.4577953936396347,4.327717690311195,543
2024-10-13,18:42:00,5,20,86,116,0.31162642563058307,1.3749520803573627,899
2024-06-20,12:00:00,7,20,67,196,0.36189501342208275,6.789140271211528,661
2024-10-02,14:00:00,7,32,62,506,0.4479635440468554,9.961169351056625,556
2024-11-11,09:22:00,9,17,32,658,0.20284435223165925,4.8832549502124465,563
2024-09-01,15:29:00,9,23,82,286,0.3645301794301873,3.683539076757708,815
2024-02-13,11:45:00,1,17,71,293,0.18805177046413418,7.91428463864021,147
2024-05-21,08:47:00,7,13,73,190,0.23689777533989553,3.7664821563953854,835
2024-10-01,16:16:00,2,19,48,409,0.44995554935184284,4.7741951115952865,397
2024-05-29,10:42:00,3,17,76,403,0.11927833932310794,1.7033625329108546,517
2024-01-14,13:17:00,2,29,30,407,0.20495164725968307,4.677880920218055,821
2024-11-21,14:06:00,4,15,66,621,0.035165360032123005,6.186020595402573,684
2024-01-03,19:50:00,1,39,59,774,0.1648974471177151,7.041257469329638,928
2024-08-17,10:32:00,8,33,49,390,0.3223993666028519,4.761755982591845,122
2024-08-27,12:58:00,5,11,72,525,0.3740990405024301,3.1276528317083567,414
2024-02-24,08:57:00,7,14,70,489,0.41365954989717424,9.019772595155878,168
2024-02-23,12:40:00,3,22,36,668,0.38515130852520085,2.795681399899121,852
2024-06-12,11:20:00,9,27,66,338,0.46277150524344673,3.975325918866279,776
2024-05-09,17:58:00,0,26,53,582,0.0861921046917214,5.473659257542132,154
2024-10-10,13:02:00,1,38,66,417,0.09765612099334064,2.7864158024915717,266
2024-01-03,09:12:00,6,35,39,549,0.3254813964200099,9.253491085453922,646
2024-11-10,08:16:00,3,27,80,405,0.0773701050555144,2.649499544014973,537
2024-01-16,13:54:00,1,18,82,720,0.35244216309212734,2.3733500465595396,749
2024-09-01,17:07:00,7,37,63,699,0.32246058716164017,7.353511915772346,243
2024-06-25,13:34:00,1,20,52,225,0.11919914788384584,3.4989517067266513,476
2024-12-23,09:36:00,0,23,67,142,0.04067473553086781,2.569409103454129,248
2024-05-14,14:36:00,4,28,57,778,0.19390945530428327,7.315779040875659,513
2024-11-08,17:06:00,8,25,58,391,0.022370208761952337,5.038110280709415,765
2024-05-24,13:23:00,3,29,37,344,0.07602520347602565,2.4832116342778967,103
2024-03-11,08:35:00,5,24,76,333,0.2038560517154711,5.452459237176583,196
2024-01-23,17:52:00,8,37,66,635,0.2320608157377314,1.350594461021248,902
2024-07-26,15:42:00,2,28,88,493,0.15901111277390761,1.5410578947803408,658
2024-04-30,09:59:00,9,14,47,211,0.473387149921884,2.110588762206645,827
2024-12-30,10:07:00,3,15,69,347,0.4680814163943449,2.1449347177762546,214
2024-07-28,14:37:00,4,19,48,285,0.36501532038512513,5.326904794148431,371
2024-03-10,11:34:00,1,32,72,283,0.27103647518064666,6.542822779139993,700
2024-08-30,13:02:00,7,22,50,748,0.2865688237360008,8.034969361695614,285
2024-01-25,17:40:00,2,37,84,710,0.345456014687316,3.5968371025519805,336
2024-05-30,10:27:00,2,11,46,524,0.3546700606805165,7.943226500202291,274
2024-03-29,13:30:00,8,38,43,116,0.34913738916422643,7.46264206145934,276
2024-11-08,12:49:00,8,16,32,662,0.39654872249205375,2.9409405803642272,610
2024-01-19,10:10:00,2,19,85,698,0.060490167073542045,9.025998022352617,118
2024-09-16,16:44:00,9,19,88,572,0.19379473027574068,4.6742624380571876,401
2024-05-10,18:08:00,0,13,39,442,0.2009827499910662,2.8736895884135008,262
2024-05-24,16:30:00,8,37,49,288,0.4000420290147499,4.348288539205598,657
2024-11-16,15:07:00,7,27,72,397,0.07712780862426771,7.660980163805143,353
2024-02-08,16:27:00,5,18,84,170,0.15470810988809452,5.572868947281879,850
2024-01-10,09:57:00,4,18,86,736,0.24837952052284928,9.49625400687358,918
2024-11-06,13:35:00,8,34,84,430,0.2979785885124326,4.797674346446737,751
2024-03-18,16:59:00,7,39,50,351,0.09390978543756645,2.5074836756270225,435
2024-06-10,12:01:00,4,13,65,195,0.06676351685210313,6.822301559745501,779
2024-10-19,18:33:00,5,31,63,408,0.2525023726185493,1.396991632997573,603
2024-02-04,17:09:00,6,14,57,170,0.15433400655316476,6.936696280585309,391
2024-01-06,09:02:00,5,21,53,401,0.07962755008322975,3.30001442954576,752
2024-01-11,14:07:00,8,14,51,593,0.033654303121547935,2.1425818197734,342
2024-08-30,12:56:00,4,15,75,244,0.43810148520750397,8.426212964848391,232
2024-11-03,17:46:00,8,16,76,503,0.4405965545960334,8.97858923742633,733
2024-08-11,10:09:00,0,21,60,688,0.2421073193008677,1.1801312649742695,472
2024-01-10,14:34:00,7,12,87,684,0.40499637713319264,3.3673439382241703,872
2024-04-10,19:33:00,7,39,50,711,0.18856861689782167,4.004347903433629,392
2024-06-19,11:20:00,0,38,35,312,0.2177248615674658,6.4905874014363265,951
2024-09-03,18:55:00,1,16,43,157,0.008510149000110712,7.072895151501636,111
2024-11-19,14:59:00,5,14,65,150,0.10357999071473317,9.485599871406748,140
2024-06-29,17:27:00,8,38,80,219,0.08899870542110505,1.404294022558631,493
2024-04-01,17:41:00,1,12,55,400,0.34024970292490275,4.150701336591419,530
2024-11-11,09:39:00,8,31,78,159,0.4006849109168697,8.117468282830444,828
2024-06-16,11:09:00,6,16,88,648,0.28346604702030187,1.9007619270731277,480
2024-04-04,12:51:00,6,13,55,485,0.09707520519806051,6.683577238544798,799
2024-06-05,17:27:00,0,38,80,512,0.2126226413654071,3.468539162117244,432
2024-07-16,08:00:00,7,30,81,684,0.44336377102717783,9.248901498494767,489
2024-03-22,12:04:00,4,18,49,375,0.3630916408527135,6.958010264077764,926
2024-07-21,09:34:00,4,26,48,256,0.09550504482351568,7.506640335066329,566
2024-05-19,09:29:00,3,12,66,393,0.4337216957910606,7.962375480385085,854
2024-05-05,17:50:00,5,28,45,676,0.14436816217042303,9.58803141286755,743
2024-08-30,14:25:00,5,31,78,249,0.16936851759038796,1.3472458289960474,742
2024-06-14,13:10:00,4,11,53,449,0.38326218655687366,2.27717667649802,401
2024-08-02,16:10:00,5,36,83,632,0.06048873254728254,5.5659249654373495,341
2024-04-24,15:11:00,6,38,41,414,0.0626641914174591,4.577685522472329,920
2024-11-21,14:36:00,4,16,73,367,0.12623443538609602,1.8928851716820039,279
2024-09-26,11:26:00,3,39,36,677,0.06969723972991854,1.1279638958052653,860
2024-06-18,12:32:00,6,11,31,786,0.2142223411700485,7.359734913839329,259
2024-04-29,08:58:00,0,18,71,629,0.44172738058493305,8.096917504061109,607
2024-06-29,10:09:00,6,30,89,579,0.3348828066162934,9.755986902411328,332
2024-03-12,13:14:00,4,24,78,789,0.4193983840858534,4.7407200508385134,506
2024-06-27,11:48:00,3,20,77,541,0.47906366031912206,2.362496023109951,889
2024-12-28,15:01:00,9,39,65,316,0.14587914553859516,8.657965422384553,408
2024-08-21,12:19:00,8,30,45,104,0.302183228837719,3.883533826948116,298
2024-02-27,15:02:00,8,11,69,627,0.3442501011950226,8.159236677632663,776
2024-02-14,12:48:00,2,34,41,647,0.07371461770071375,1.7692665406219605,460
2024-05-10,19:32:00,2,22,85,432,0.25783144424943033,3.4588478230328477,255
2024-10-22,14:51:00,3,19,40,609,0.13808489262337587,6.07102678017212,563
2024-07-27,16:03:00,6,38,30,503,0.3475219852110726,9.76409007756196,779
2024-03-08,17:41:00,7,10,86,592,0.31482677616013416,9.66849924428653,217
2024-11-24,13:26:00,8,35,31,576,0.3527113888028462,7.8400229607234495,948
2024-02-17,17:52:00,9,24,52,591,0.3816950129357905,5.551372012524276,204
2024-06-23,14:33:00,0,10,31,717,0.26441564832775455,7.639127612732886,456
2024-03-22,12:32:00,1,14,54,597,0.03413837042408052,7.0118660257683265,266
2024-07-20,15:17:00,9,29,74,117,0.4849959160912282,1.1742846015218702,584
2024-11-10,11:37:00,8,15,35,224,0.45200959369145904,8.727714395201893,180
2024-05-11,11:58:00,6,33,73,206,0.1457890760236396,1.8796654223582518,658
2024-09-04,18:49:00,1,15,48,511,0.12098054932131963,5.720058575611972,447
2024-09-17,09:18:00,7,36,77,658,0.4613802066956217,8.883269971904877,943
2024-05-15,12:27:00,6,19,49,758,0.18206441512606952,9.237582469557701,563
2024-07-30,17:02:00,7,39,88,507,0.10283045038263172,4.244831547641883,644
2024-05-19,12:31:00,9,33,32,752,0.1078546105484004,3.729194392538244,452
2024-04-07,14:32:00,2,12,34,336,0.3571584976263448,7.381271498028906,484
2024-04-27,08:01:00,1,36,65,556,0.11956345782534022,4.907387389086675,941
2024-02-03,14:21:00,8,22,80,388,0.45609528546787836,5.427453259889039,930
2024-07-05,16:15:00,3,11,41,477,0.2930888926694862,5.690821398329844,703
2024-03-04,10:50:00,4,33,39,615,0.42339106972840307,7.825473975005217,781
2024-07-12,19:11:00,0,21,67,177,0.27842330035093527,4.750441567284824,218
2024-08-15,08:14:00,9,37,84,108,0.3841966233222859,6.524945171324739,390
2024-06-13,18:24:00,0,12,30,605,0.38569609567839824,9.382826438984813,267
2024-02-23,08:56:00,4,39,63,767,0.12650200962858138,9.194080070435712,809
2024-06-11,15:30:00,2,16,80,209,0.07673353799419314,9.108713149055887,965
2024-03-31,13:45:00,1,36,82,545,0.3253156109850608,6.049201091977895,674
2024-09-25,18:59:00,0,22,42,636,0.35799088324299344,8.195989327649603,818
2024-05-08,10:50:00,4,36,30,397,0.3766678812255167,6.071144858322874,817
2024-01-03,14:00:00,2,22,60,769,0.19147063238273798,3.4211361328014926,176
2024-12-22,18:18:00,0,26,77,578,0.17308476772257864,6.108574000245483,150
2024-01-22,11:20:00,4,36,78,249,0.08532390116145427,6.404921838697044,388
2024-01-10,14:33:00,1,10,87,130,0.48336351207063416,5.377699294751866,397
2024-09-13,11:37:00,2,26,83,586,0.2639370445200337,8.540150520924325,249
2024-11-25,17:44:00,3,15,69,342,0.3146849811052719,2.711375126983631,262
2024-09-15,09:30:00,2,32,63,342,0.15271374113473957,3.6401451779877037,570
2024-01-17,12:32:00,9,13,58,719,0.07554029394413025,2.3903161346697197,187
2024-01-24,16:21:00,5,11,68,283,0.30021765386796867,5.419605242262247,155
2024-06-27,12:36:00,4,34,76,463,0.14048065300017615,1.288782239371108,731
2024-09-05,15:21:00,4,32,77,771,0.3625469045133635,8.624075044287492,663
2024-11-30,15:52:00,5,26,54,521,0.1327000048035442,1.2873737467078392,230
2024-05-26,18:37:00,5,33,31,287,0.30723217948646936,9.942933403291578,938
2024-05-31,14:44:00,4,37,86,643,0.4667294003174155,7.663819636583565,936
2024-07-29,13:33:00,2,11,62,407,0.44572100922871805,7.360905790189012,528
2024-01-07,13:55:00,3,27,49,523,0.250186796282947,2.334086071254465,328
2024-12-21,09:44:00,7,16,71,371,0.49542015545316753,9.617539911342877,912
2024-07-05,14:39:00,7,39,68,389,0.12095090556634391,2.6778793079971797,278
2024-05-26,16:57:00,9,17,33,238,0.288014112342985,8.399413879475091,495
2024-06-27,13:10:00,9,31,52,376,0.4246484093729488,9.706107645566881,323
2024-11-22,19:46:00,0,23,61,771,0.054927864806372184,9.712219221794355,643
2024-12-23,19:30:00,3,17,36,113,0.4134216480009383,9.10212928780535,585
2024-08-14,08:06:00,5,23,44,240,0.21790006610630958,1.6275984046201926,965
2024-01-04,08:18:00,1,15,50,418,0.0428855967090182,1.6940686087572256,885
2024-06-27,08:26:00,3,39,74,732,0.3874060400054748,2.061861995884861,228
2024-02-11,09:27:00,5,17,81,237,0.08459938652638194,1.85136372853324,872
2024-08-24,09:22:00,2,16,71,351,0.08316515519805734,5.205431246388954,441
2024-09-17,10:37:00,7,29,34,674,0.434986320348713,7.864725225765807,113
2024-10-12,11:36:00,4,38,73,785,0.40794260740149146,2.36756360967037,411
2024-12-04,11:51:00,7,35,81,323,0.36155955984370863,8.138022655305353,966
2024-04-04,12:06:00,8,12,60,173,0.23000254526329272,4.080925703415,170
2024-08-18,14:33:00,3,33,82,761,0.3480555330918919,7.175384185900812,551
2024-01-06,08:37:00,1,16,55,205,0.24762254143357543,6.446777620572697,334
2024-06-25,08:09:00,6,18,34,340,0.18969349165322574,2.940342128589887,834
2024-08-12,08:00:00,7,37,58,621,0.3541553758287406,2.0745460895714083,132
2024-02-05,10:25:00,2,19,35,377,0.4447259123051464,2.859490462374817,342
2024-05-29,13:24:00,9,14,57,561,0.1131940636485479,8.837891403960807,680
2024-02-21,12:53:00,6,30,32,249,0.10699892683002499,4.433667865663969,819
2024-10-13,09:01:00,5,31,78,127,0.23228576746390572,5.633571425632179,230
2024-08-01,12:16:00,7,34,83,760,0.45423668388081034,7.7477647264788825,166
2024-03-23,10:01:00,7,15,76,680,0.3988037101377028,8.56330344526398,553
2024-06-25,09:46:00,6,25,50,271,0.46241189632454216,1.0693520883605312,516
2024-03-29,12:26:00,8,32,49,606,0.3343372313389086,7.259987361077845,950
2024-08-19,11:09:00,9,22,82,249,0.3559268675189169,1.56197421694453,443
2024-12-26,17:44:00,9,28,61,553,0.48758702099488055,9.60241112033549,527
2024-10-27,17:18:00,6,33,33,754,0.04118259929927098,5.33580906740425,721
2024-09-04,08:44:00,7,29,62,640,0.3215004220774919,6.769665424386114,125
2024-03-07,08:06:00,9,16,88,646,0.38719214131220725,3.7457849407338566,926
2024-12-07,11:06:00,4,23,55,713,0.14203080525603173,8.351427939404378,831
2024-08-11,08:47:00,6,10,43,399,0.3584752787255677,1.2868521437388611,821
2024-07-24,17:14:00,4,30,64,454,0.447314251949869,8.486708955329444,977
2024-02-17,15:48:00,4,13,83,400,0.3664302712256247,1.4731868810949862,239
2024-05-15,17:48:00,1,12,48,481,0.3528887295280315,1.6017772542425461,155
2024-08-18,14:42:00,4,23,85,450,0.0971676486662435,5.256377523292253,509
2024-01-04,14:50:00,5,25,82,171,0.3044897780871683,9.141810902733708,621
2024-05-07,13:08:00,2,19,46,662,0.09260066096353858,9.10474662409014,768
2024-10-03,19:01:00,8,26,70,595,0.16439910320174955,8.32195707369242,794
2024-05-06,18:19:00,4,35,83,276,0.4039601204634638,4.6726711248730926,537
2024-02-17,19:16:00,2,24,53,796,0.23781071361267808,8.895738302062286,167
2024-03-19,12:23:00,5,23,76,716,0.4689693464836958,6.0402999535290665,916
2024-12-15,19:25:00,2,36,45,492,0.46105906296822635,5.916533457792978,108
2024-11-29,11:11:00,6,27,77,510,0.29559115064999136,5.70542413193514,437
2024-12-12,09:21:00,8,23,33,412,0.28466848712320314,5.785742497169974,584
2024-03-31,13:15:00,6,34,66,668,0.08112066483099756,1.8324759149207253,501
2024-04-04,09:56:00,2,33,46,263,0.29951430236890914,3.3049322154153082,738
2024-04-29,19:56:00,9,21,65,797,0.07543549633565244,2.9815568715754868,498
2024-01-23,13:20:00,0,26,88,760,0.27030573241202666,6.564733139011365,209
2024-12-18,19:52:00,5,25,55,255,0.35527318239849714,6.453411990299469,415
2024-06-30,12:47:00,1,18,47,758,0.0018373596817871096,5.700596449920506,739
2024-11-08,08:55:00,1,24,75,310,0.31682084136275984,1.0802565731713014,417
2024-02-12,15:56:00,7,27,71,620,0.3835852900357099,1.2007232227933302,294
2024-08-14,18:54:00,5,18,80,731,0.20042624411616167,9.529914265456043,924
2024-02-07,19:42:00,6,33,41,780,0.15172494805138514,1.9547993935301728,176
2024-06-11,11:34:00,7,30,87,650,0.3794510421459801,3.320253011421391,140
2024-01-31,11:27:00,2,11,38,429,0.03519159129253535,6.764975065673378,316
2024-11-08,12:52:00,0,14,40,141,0.30892156776375373,2.72682815177624,379
2024-10-07,12:14:00,7,15,58,707,0.18134789206888136,4.986101318250359,223
2024-07-29,13:34:00,7,27,79,151,0.20432513009145825,1.0923658983017566,846
2024-09-24,19:29:00,6,11,66,719,0.03177428589458747,4.366797598887181,929
2024-09-21,11:04:00,1,20,64,387,0.2585509100488445,7.088480603920463,164
2024-10-19,15:43:00,7,39,38,789,0.4415198951451968,1.831360052443962,499
2024-09-20,17:48:00,0,32,62,354,0.40644285067118285,4.892255310571522,781
2024-05-21,18:02:00,8,30,74,593,0.08927930430811587,1.6745220809356203,221
2024-08-17,13:02:00,4,31,88,691,0.34251947038117553,2.6580488150276786,173
2024-07-13,13:27:00,0,17,88,324,0.01669827458136297,6.7736802523323005,393
2024-03-08,18:39:00,5,29,33,675,0.03670174926067121,8.662526676981598,984
2024-05-14,14:24:00,0,21,38,538,0.4091477094034537,7.647727174135063,810
2024-11-02,15:09:00,8,23,37,532,0.10809700233473013,2.211206869623635,434
2024-01-14,17:29:00,5,18,50,609,0.03396836322828556,6.846664071086574,554
2024-06-14,09:40:00,3,30,43,518,0.2769826085428378,7.579299600188112,388
2024-11-19,12:38:00,2,31,33,579,0.024975623166766714,2.7269808144020646,780
2024-07-09,13:27:00,9,31,42,575,0.43669904468525483,9.890037676159844,770
2024-05-06,09:03:00,8,15,83,661,0.13973543757469592,1.7436576182684926,698
2024-02-15,16:58:00,0,27,32,128,0.49942770219094046,1.3900849215286302,620
2024-10-10,14:52:00,4,26,68,460,0.45386255712607476,6.428063463197041,852
2024-01-20,17:53:00,1,25,43,292,0.4133339480368212,6.089754550606445,442
2024-08-02,10:47:00,3,22,61,587,0.3341845834986363,7.291548063163957,365
2024-09-27,09:36:00,3,17,60,795,0.38429115743677816,2.183466356812292,308
2024-11-18,11:10:00,8,37,55,770,0.20076591360718693,9.984050154383587,603
2024-06-29,17:52:00,0,17,74,470,0.43819345983694213,1.5959744621632144,826
2024-04-21,12:09:00,1,30,85,150,0.05016603316958146,6.682355641531444,717
2024-01-07,08:03:00,9,15,63,589,0.0785355895426742,5.2775702918668825,777
2024-03-25,08:07:00,0,38,80,616,0.42138619314629006,5.646314978111092,792
2024-05-23,18:40:00,1,12,71,375,0.2609166918856856,1.2698494318582396,578
2024-03-19,13:37:00,7,31,51,634,0.4568754287323649,6.746963794255237,534
2024-04-05,08:35:00,7,35,31,780,0.21507106985633823,2.103716067980879,140
2024-05-20,08:59:00,6,38,33,587,0.18546111180896369,7.515540281509187,561
2024-12-06,17:39:00,5,15,60,364,0.380835231928046,3.86522124035067,177
2024-10-19,10:40:00,2,36,49,364,0.2895302637093984,4.4009355434785355,326
2024-11-29,19:28:00,6,19,37,223,0.34468017823260333,3.19238351477272,413
2024-08-05,15:19:00,0,18,52,601,0.04797943483623307,3.467539537370044,572
2024-09-29,13:49:00,6,28,66,205,0.32510124050387756,8.424614209550835,212
2024-08-27,12:24:00,3,35,35,514,0.1790009500720341,8.674574780756657,412
2024-06-11,17:51:00,5,32,68,682,0.013316314413339136,7.797356610546844,461
2024-02-07,09:51:00,4,14,84,239,0.4392873481757772,5.669438418824873,211
2024-12-21,14:24:00,8,29,54,329,0.034876952874828726,7.694071206842901,122
2024-09-11,16:27:00,2,29,69,507,0.06988184595331803,2.13981970931228,306
2024-06-25,14:16:00,9,36,88,550,0.28140277004008496,9.940122006172194,474
2024-10-02,11:11:00,9,26,69,118,0.17519764490306317,6.634811251062343,430
2024-02-18,18:49:00,7,18,75,235,0.47034383341232966,3.146886129054379,885
2024-02-06,10:28:00,5,12,43,362,0.47570814001950124,7.529018425167734,150
2024-12-11,09:16:00,7,37,35,748,0.3658503130464192,5.616944258451624,941
2024-03-13,18:33:00,8,33,39,274,0.2434451620621766,2.1005267940644465,509
2024-08-20,18:00:00,7,24,38,766,0.4224701572342423,6.75771651364552,255
2024-02-29,14:50:00,3,10,71,194,0.26068963273807727,6.404161881580379,714
2024-09-02,19:56:00,9,36,75,349,0.2877872234478783,2.9797177606788883,963
2024-09-03,17:41:00,2,17,56,635,0.20619099074818154,4.966001464762665,508
2024-10-26,15:12:00,4,36,68,425,0.40502225853210155,3.977829661595975,299
2024-08-06,13:24:00,7,31,31,239,0.16498495345626013,2.867775269375277,114
2024-03-01,13:10:00,1,35,30,764,0.3100434483479706,1.9442959319896898,924
2024-09-14,17:22:00,6,11,69,186,0.3206578968409009,4.48063566842068,864
2024-04-16,16:32:00,2,16,52,475,0.3543800594295221,9.338057294121379,633
2024-03-07,15:42:00,1,12,78,409,0.29315393635045217,7.950828767114343,726
2024-03-02,10:33:00,3,23,84,538,0.0800901630827825,7.760061413043426,137
2024-12-03,13:25:00,5,16,77,631,0.3983173596254927,8.921801201157432,477
2024-07-25,18:41:00,3,18,87,137,0.45624563534130363,7.006403885667297,243
2024-12-28,13:38:00,9,24,32,768,0.08552452362698054,5.644767526917966,348
2024-11-20,16:09:00,0,28,81,539,0.4286910298921611,4.06139566699899,798
2024-02-10,10:19:00,9,10,78,437,0.3837488481862737,6.288565630230997,995
2024-06-26,10:55:00,6,25,36,716,0.08482400021288322,2.0671907089773267,123
2024-10-09,08:50:00,4,10,67,750,0.3650576067190176,8.019460982050871,283
2024-11-17,09:17:00,6,15,58,488,0.4471695756194699,3.217711374110223,510
2024-03-09,10:02:00,1,33,72,639,0.34908336524508893,7.050416677827439,961
2024-10-16,15:04:00,7,28,32,535,0.2982073932061176,4.845601777686873,330
2024-06-18,09:39:00,7,39,85,666,0.4072202935460203,4.755056578302625,749
2024-04-12,15:06:00,1,23,75,574,0.20409117674680016,5.589719868301009,960
2024-03-07,18:05:00,9,37,76,594,0.1734293698720863,6.947066182522815,358
2024-01-17,18:37:00,2,16,47,708,0.27549125507984074,1.0817972340357087,126
2024-10-18,17:48:00,2,12,35,362,0.2844583902430259,3.3425648134047936,113
2024-06-24,17:43:00,6,37,58,741,0.11358597452232067,4.875061712053565,147
2024-06-08,10:48:00,5,26,56,664,0.349301208765118,6.762613228868585,752
2024-01-20,13:53:00,5,21,51,198,0.22721837832264669,1.7908023228104817,604
2024-10-24,10:08:00,2,16,43,575,0.2185602356013377,5.429394352549885,470
2024-01-28,18:52:00,6,22,70,232,0.4937023701811803,5.154493159079327,916
2024-05-08,16:29:00,3,16,63,178,0.4655831572909194,2.3622881958475173,787
2024-01-22,08:24:00,3,13,51,537,0.4267634095570204,5.5589002225708075,979
2024-05-30,13:07:00,9,25,35,193,0.45903933658069257,9.304646224175318,162
2024-09-09,14:54:00,7,12,71,568,0.38266467358888784,6.44722003028049,829
2024-02-06,18:14:00,4,37,61,628,0.21386300015482607,5.340576031574239,534
2024-03-06,13:13:00,5,25,38,175,0.14599707978681276,4.024224862250461,565
2024-09-19,12:05:00,0,23,76,379,0.10300313105296388,2.6050350770933113,266
2024-06-22,14:06:00,5,31,36,621,0.09458015583871843,5.382184510071918,432
2024-02-20,13:14:00,5,12,58,778,0.3709874019716484,9.618204346849186,920
2024-05-15,16:53:00,2,14,64,798,0.1146331193475637,2.120318647750003,984
2024-01-01,08:18:00,0,10,32,650,0.11913636525384347,9.555069504606283,215
2024-07-25,17:47:00,4,35,30,170,0.3756085494134733,3.0775647934775123,855
2024-03-16,14:11:00,0,25,44,299,0.23562196462144164,9.687747889726056,230
2024-09-04,15:28:00,0,30,37,779,0.04884915893961689,5.366489111632648,729
2024-04-17,13:07:00,6,31,43,400,0.18627865363738716,3.770066640531782,900
2024-05-26,15:52:00,6,38,82,347,0.3475871029751926,2.6232396720935136,367
2024-09-24,17:42:00,6,13,34,690,0.032231830659997684,4.149964666708944,797
2024-09-09,18:16:00,8,23,40,650,0.4154580623060851,1.4330988620110685,972
2024-04-23,12:45:00,6,33,71,633,0.2109050615666584,8.793593835593752,574
2024-11-29,19:13:00,6,38,78,182,0.41582181116459355,8.049624855486543,733
2024-12-30,08:03:00,5,25,47,601,0.2508182842080738,4.616875153120148,517
2024-07-14,14:55:00,7,33,70,474,0.22585271960248332,8.173695626394212,750
2024-04-20,17:34:00,3,10,45,662,0.23288523138935802,5.474541881301129,993
2024-12-20,11:49:00,8,23,79,534,0.11280104360686183,4.939700568988748,890
2024-01-01,16:33:00,2,14,44,583,0.48122263472532406,7.466772410972543,555
2024-08-21,17:32:00,1,17,69,441,0.4873308284175197,7.863460988074521,933
2024-04-26,18:57:00,3,34,64,290,0.241922981694013,4.129371614132142,997
2024-10-30,09:40:00,1,33,67,674,0.43108690036144615,6.8495300833167665,185
2024-08-09,13:54:00,3,15,52,707,0.15713222801060556,2.5019212107488733,355
2024-10-27,16:19:00,1,16,71,610,0.4734047694025495,6.418025847076006,980
2024-09-09,09:03:00,5,11,80,684,0.061718267020874074,9.037596009331747,846
2024-05-29,10:26:00,8,22,35,758,0.28424146811577533,9.16356990184063,860
2024-05-19,14:12:00,1,32,66,576,0.07851727779116957,5.5729846149470035,380
2024-06-18,13:56:00,0,37,43,712,0.37237466029993427,2.6037997398841823,139
2024-06-29,14:58:00,9,31,49,456,0.11949698738948955,6.617000317159537,754
2024-11-20,12:24:00,8,16,82,438,0.34228789017746214,7.442070329230258,572
2024-08-25,17:21:00,1,13,33,647,0.29708462585053474,8.262863395476208,716
2024-04-08,13:09:00,3,38,44,134,0.08630294439630881,6.5842199142125795,326
2024-12-27,16:01:00,3,34,34,730,0.26887680304813505,6.227294411151955,786
2024-06-17,10:14:00,0,35,77,609,0.2947944956580303,4.915751905804434,421
2024-01-21,08:25:00,1,36,56,287,0.15439295021258914,6.663904990468326,616
2024-05-12,17:03:00,2,16,74,741,0.42606094765821373,6.139403402124163,303
2024-09-13,16:45:00,1,31,62,140,0.34768330306847356,1.2827350376016815,525
2024-09-07,17:20:00,2,18,45,388,0.0290692532368087,4.418195472788328,440
2024-10-30,19:38:00,5,29,89,713,0.38082063748198525,3.0325149433821545,686
2024-08-13,14:47:00,3,26,84,199,0.16489676540441167,6.311352202026662,805
2024-03-25,19:51:00,0,39,40,488,0.07077527668382216,7.361034146760904,952
2024-03-06,19:33:00,5,28,76,324,0.12593476352006983,4.443953943861663,167
2024-03-10,09:23:00,3,22,87,609,0.4727110113593078,4.288714778528897,909
2024-11-10,19:19:00,9,25,56,702,0.40233801385636686,3.3502875002091193,610
2024-02-21,15:29:00,8,10,67,180,0.04542499322412491,8.117072681843304,646
2024-06-10,18:16:00,6,37,84,272,0.050132658375370065,8.02726155550647,529
2024-07-18,11:16:00,2,37,44,479,0.44806307645024984,9.349801079464845,318
2024-08-21,15:14:00,3,18,59,128,0.2330273837556674,9.14135380417963,794
2024-01-18,08:56:00,0,11,60,441,0.030381119463169792,2.9370116526036556,566
2024-12-02,10:59:00,5,24,61,770,0.49189506929170673,6.909134193136324,505
2024-05-01,16:26:00,4,24,63,722,0.3655016358413969,5.611164259200291,299
2024-07-09,11:33:00,9,28,44,605,0.21442161352392097,9.932283697604822,660
2024-12-12,11:55:00,6,23,72,261,0.41400505337743726,8.610138006452456,647
2024-06-21,10:30:00,9,22,81,121,0.07462630330410402,2.97469310764577,304
2024-03-16,10:49:00,9,11,61,225,0.23074148867445088,2.787352580776517,433
2024-05-27,18:42:00,6,28,46,652,0.4961423298215015,4.799487668969698,193
2024-02-08,13:44:00,5,31,48,406,0.1252140521619829,3.1640806836798143,323
2024-09-25,08:30:00,8,16,40,371,0.3886957965683837,1.5359362470647642,346
2024-01-03,12:46:00,7,10,65,293,0.1528744810943099,3.4624399566085464,419
2024-12-25,13:33:00,2,14,87,600,0.2687659446788987,8.673582373802798,385
2024-08-12,17:41:00,6,25,55,745,0.37804536978755704,9.563424217877065,486
2024-10-07,11:10:00,9,26,65,366,0.2816024799357545,1.0873408988595015,651
2024-12-15,14:29:00,3,17,63,268,0.3768560643533649,7.067581507273368,326
2024-05-19,11:41:00,3,13,86,285,0.48596863846693716,4.54106701532904,655
2024-11-11,11:25:00,9,20,34,533,0.437577566125474,2.3102455621143356,703
2024-12-04,09:14:00,8,33,58,618,0.1516451263506149,1.8381900745646669,594
2024-01-04,08:44:00,6,13,89,482,0.4987171298234872,2.4174554999165587,666
2024-02-05,12:57:00,3,38,80,762,0.1759172838992381,5.64969316234608,331
2024-08-08,12:58:00,3,38,58,497,0.1101864750585903,7.114558164205347,203
2024-04-20,13:54:00,8,10,80,332,0.3228829085047551,4.7735275000256205,590
2024-07-24,16:04:00,1,25,67,665,0.23581093498472333,5.739748005428843,788
2024-05-24,15:03:00,2,31,54,415,0.28520087618702866,9.646129960082773,670
2024-05-22,14:05:00,6,30,50,558,0.46874370784570174,3.3239349589198826,541
2024-08-19,17:44:00,8,28,64,215,0.2399338092290827,9.104355688498034,806
2024-07-27,10:24:00,4,33,58,454,0.45368784374261184,6.765333453093733,614
2024-01-27,10:44:00,6,29,69,638,0.3923088746640063,3.0518828275346723,914
2024-08-26,19:03:00,9,25,66,432,0.08752647980638772,7.721923290577586,960
2024-05-25,09:32:00,9,18,41,632,0.22269538354912533,1.50978721122544,537
2024-01-16,14:32:00,2,26,60,135,0.3162609637351176,4.376792947996561,824
2024-02-11,17:00:00,5,32,55,540,0.07261179873567125,2.88490629863452,758
2024-12-05,16:30:00,7,29,83,797,0.4290718604698424,2.2240783751084163,570
2024-01-14,19:29:00,8,19,50,603,0.4747762155540972,9.83443182766285,238
2024-09-25,14:23:00,8,28,48,235,0.41300031566406725,6.733737801620107,710
2024-02-21,13:51:00,4,16,64,152,0.19251360480265117,4.3728873593382165,460
2024-10-18,16:34:00,5,24,52,174,0.09636896863627381,4.41663037885403,504
2024-09-29,16:15:00,4,33,75,232,0.12607207761880146,1.2758219278605216,543
2024-04-11,11:38:00,7,25,83,500,0.18715520356814136,1.3148087577479368,540
2024-05-20,14:25:00,2,31,88,457,0.17968488077039796,2.9118100166567578,245
2024-11-17,11:04:00,2,39,61,522,0.11855662947065232,5.7967009722202985,463
2024-07-12,12:34:00,5,34,62,650,0.41718606620607385,4.49642520123451,626
2024-06-16,08:09:00,8,21,72,556,0.01979981087126592,6.115688651337296,450
2024-11-25,08:33:00,6,36,71,629,0.4296298376446733,9.341120065943425,956
2024-11-12,19:40:00,0,37,66,228,0.3415176122306286,8.463053238926967,277
2024-11-25,17:10:00,3,29,85,117,0.1888157890079143,5.754123632430184,548
2024-04-15,18:55:00,8,38,56,748,0.4057599322274468,6.237746503388522,795
2024-04-17,11:45:00,9,21,68,382,0.11790901104235002,9.793230803306075,619
2024-10-23,09:40:00,4,39,84,371,0.0779428209735824,3.502038252222091,304
2024-10-22,19:52:00,1,26,46,560,0.015700908385019197,4.245645398625377,262
2024-02-06,12:27:00,2,21,72,651,0.031765987054808154,9.07669791455433,297
2024-06-01,15:56:00,3,31,59,395,0.095856673816134,5.176024348647525,579
2024-07-18,11:13:00,0,35,64,429,0.3947852053634771,3.2427157954570514,698
2024-11-01,10:30:00,0,11,66,387,0.39684746890293815,3.3431457536710623,647
2024-07-02,17:34:00,4,28,62,309,0.33274697256741925,5.047532254663413,575
2024-03-12,08:40:00,7,36,42,105,0.44980156502063634,2.2141467557914516,429
2024-10-03,13:39:00,6,28,46,113,0.1104716455535964,2.0391200593717986,526
2024-02-22,17:41:00,2,16,71,290,0.3779668796995333,7.763584572915914,224
2024-01-05,12:31:00,5,23,68,319,0.09117671922926235,5.209921619664595,945
2024-10-12,10:08:00,0,20,41,407,0.37242966010832274,2.8946639411204482,602
2024-12-26,16:18:00,1,24,45,398,0.008071461100010002,1.4297144504951038,667
2024-02-28,17:38:00,2,24,84,151,0.020751816211379837,7.675946934335936,266
2024-04-12,10:21:00,7,12,82,495,0.4862307012241971,1.4015125622147888,382
2024-04-20,14:25:00,6,13,74,143,0.18629882585654978,4.915252008933081,125
2024-11-02,14:25:00,7,20,35,161,0.416915672836926,1.9529883330179367,697
2024-12-23,19:59:00,8,17,66,262,0.29360406551358337,4.281119591827208,116
2024-05-23,10:59:00,0,31,39,115,0.06389694088708886,7.9956192092102025,381
2024-05-20,12:12:00,9,19,38,536,0.462744342019437,3.053418112446057,575
2024-09-05,10:04:00,8,27,77,604,0.3646744028623086,9.276748331709221,299
2024-04-23,16:33:00,7,28,68,621,0.3442056031039785,9.264481495262583,436
2024-05-25,18:49:00,0,32,80,761,0.04083240859695031,2.860002549358965,386
2024-04-04,16:53:00,5,10,77,309,0.4851857166433649,4.14301380059564,527
2024-01-27,13:14:00,6,35,65,351,0.27868637513806754,2.8923445671219614,500
2024-09-05,16:13:00,5,25,85,107,0.02743413307272652,2.2983205120645813,527
2024-09-02,09:03:00,8,23,87,772,0.2288606332887111,8.840289748589756,108
2024-10-26,16:36:00,2,17,37,282,0.48286431098656046,3.0866895971971213,198
2024-12-30,17:26:00,1,34,45,515,0.22617120162523002,7.133893649691436,184
2024-06-05,09:00:00,7,12,73,550,0.03616773270884016,8.591245496104229,645
2024-02-15,12:56:00,6,30,86,307,0.2672721635293265,8.399840765909579,780
2024-01-17,08:58:00,2,18,56,566,0.2744907281959243,6.644887440435134,539
2024-11-03,11:31:00,2,29,73,179,0.36849541342258535,9.951949784121306,699
2024-04-02,13:34:00,7,14,38,676,0.14719981077863098,6.0601934453232325,938
2024-11-25,08:34:00,0,33,49,171,0.2914891300708622,6.968866975470936,172
2024-03-21,08:06:00,1,37,38,414,0.3438146861968323,1.5485061422828166,503
2024-09-22,10:26:00,5,11,42,213,0.16049827948868273,3.476015075424891,570
2024-08-10,09:38:00,0,29,51,518,0.29546437088134353,1.6105078558042358,380
2024-12-25,19:20:00,6,32,64,751,0.13327766528618734,8.504025138505131,110
2024-04-22,17:32:00,1,20,73,799,0.19219720211357105,3.9492303961039363,173
2024-05-05,09:01:00,9,36,36,291,0.1334164809797605,4.564130371189158,301
2024-10-16,11:52:00,4,24,42,437,0.193587638281355,3.2967259032117746,308
2024-05-14,13:41:00,2,30,46,313,0.29662599298005815,2.5095258020797386,333
2024-09-08,08:27:00,5,36,51,779,0.4610334382608024,8.492338643890108,727
2024-10-16,13:06:00,6,32,69,655,0.2302840439723664,9.843691269944092,165
2024-12-06,15:13:00,5,22,33,576,0.36187410013313365,1.5399584774419175,661
2024-09-07,14:50:00,2,28,36,464,0.34865013489915986,1.3315202118474392,427
2024-07-28,14:58:00,9,25,89,508,0.09468409121633242,8.677784291930823,373
2024-02-17,14:03:00,4,21,54,598,0.17214684899526744,5.317696780677158,876
2024-01-18,11:44:00,2,28,34,497,0.36644090185251355,7.022758131517444,154
2024-11-06,12:51:00,1,14,86,107,0.07310841914968763,4.694931372984626,543
2024-09-19,17:22:00,0,35,51,174,0.4355982401714383,9.71804804165644,717
2024-07-31,09:21:00,7,21,57,403,0.4963905486811145,7.838068960551532,216
2024-10-17,11:24:00,0,20,52,788,0.3742137976154989,4.764818541346959,478
2024-08-20,08:51:00,3,10,42,426,0.2081132648746355,1.0426641123061553,136
2024-10-21,17:15:00,8,19,60,607,0.3423726417618593,9.087692403514584,432
2024-10-13,14:26:00,5,39,89,764,0.1692390261166979,4.284130349766634,526
2024-08-20,15:14:00,6,20,32,506,0.18841790513334983,5.87707281974987,279
2024-05-04,15:59:00,1,13,52,569,0.018494959886113993,6.1463604869109165,275
2024-01-31,17:50:00,7,11,65,424,0.39513595068464774,7.007014087262852,695
2024-07-25,16:29:00,1,28,79,219,0.0631097070088038,7.812313095148269,327
2024-01-26,13:48:00,5,19,38,468,0.4088457497580087,2.4408492050648034,300
2024-12-01,10:58:00,3,23,52,763,0.473399077446217,1.2961294253090236,116
2024-07-10,11:49:00,5,18,45,353,0.08667072283903143,9.760270690995823,819
2024-11-22,16:23:00,3,32,88,717,0.3562874191617591,3.330783202758452,592
2024-03-15,14:44:00,8,21,55,384,0.05294816963046234,1.9909372304821331,447
2024-07-09,11:52:00,7,39,87,698,0.42399038218437224,1.469077251300011,234
2024-08-05,17:24:00,5,24,36,764,0.1807883795029877,9.19232817845412,244
2024-11-29,17:57:00,5,35,71,303,0.16223602830648443,4.6053363168238945,864
2024-09-20,17:26:00,9,26,79,246,0.4637372767757248,4.906569332014076,467
2024-08-05,16:54:00,9,15,36,448,0.4697639311104487,9.0683752509318,138
2024-04-27,17:31:00,8,15,89,486,0.4941906960649727,7.908428345342466,172
2024-12-29,13:07:00,1,25,64,131,0.13201944870936078,2.717516925727951,543
2024-09-10,12:19:00,0,28,74,749,0.21344426286838492,1.6444335138064239,733
2024-11-01,19:26:00,6,22,43,380,0.023138015491887376,7.606224877936105,560
2024-04-28,15:20:00,8,20,48,757,0.09477712759921475,7.789282959534533,990
2024-05-22,13:44:00,5,10,82,473,0.2862157370299006,6.1631503907635174,460
2024-08-25,19:24:00,7,16,46,753,0.09964560690655377,7.57397422302008,659
2024-06-02,10:45:00,4,34,55,176,0.43566985287132626,6.335872694983707,152
2024-11-24,13:49:00,9,38,40,730,0.4267729296452358,5.75056406294145,578
2024-11-19,08:15:00,3,13,55,267,0.2973545526533916,4.753910532763117,257
2024-10-14,08:05:00,3,10,73,118,0.38508081780508163,5.400252058293704,651
2024-09-11,13:49:00,5,20,84,267,0.45669965629108467,5.5039713771769465,900
2024-12-21,18:49:00,9,33,84,671,0.026843360887949086,3.7157073983808324,403
2024-04-24,16:04:00,2,26,34,522,0.3331340015280565,8.969196080881147,407
2024-07-22,12:41:00,1,14,43,480,0.031185445431363423,2.13523995332104,780
2024-03-19,19:02:00,1,17,32,681,0.17797834895125708,3.2534957452872457,841
2024-07-16,12:54:00,1,35,70,452,0.048658271477167114,4.591326737967222,997
2024-07-29,09:50:00,8,15,72,205,0.49868891392863585,1.0118683458170592,636
2024-06-19,14:31:00,0,32,40,146,0.1645462797235019,7.682619785067668,206
2024-02-28,14:05:00,2,24,69,733,0.39231032712516023,1.5086258387146976,248
2024-02-11,18:27:00,2,18,38,257,0.2261634833040722,4.948407110358753,881
2024-10-20,19:54:00,8,37,37,289,0.0723814031077103,7.12758861569169,392
2024-07-01,08:06:00,5,19,57,672,0.12499226489978538,3.6630949345065638,654
2024-11-30,10:40:00,7,18,46,517,0.27533593681581053,2.3406323638539552,800
2024-08-13,11:17:00,9,37,71,577,0.3481752051150017,1.408448589671425,922
2024-05-02,15:38:00,4,18,49,596,0.10290674801151456,1.0751265713885498,363
2024-02-07,15:49:00,7,11,81,464,0.33831474962782954,7.0369409893952115,250
2024-11-19,15:20:00,9,12,84,347,0.23368832781131582,6.863834173305058,385
2024-09-07,17:39:00,1,29,58,284,0.31922392686215145,8.39669212308787,210
2024-08-27,12:45:00,4,30,78,434,0.3246589006743402,3.5959464939139427,249
2024-11-25,14:04:00,3,32,50,744,0.0499536013909313,5.13184104801079,127
2024-05-11,10:23:00,1,16,67,612,0.48629014310977847,7.5469023881139385,945
2024-09-04,17:51:00,6,29,88,376,0.12536965760153346,9.509827064051796,337
2024-05-15,11:18:00,2,32,75,482,0.11933633689495887,3.253026150148623,707
2024-07-07,11:35:00,3,33,32,137,0.4939868340122948,4.42405805345559,722
2024-02-13,16:22:00,4,30,48,134,0.01631287712306212,7.959434568044624,902
2024-04-24,09:17:00,1,27,38,175,0.14546464962384315,4.0555267064123965,327
2024-01-04,16:51:00,0,17,77,261,0.18872555725506207,6.247483128458915,115
2024-01-07,08:18:00,5,19,73,259,0.11322611044943409,5.570574555153152,948
2024-12-03,08:20:00,7,32,41,432,0.024965678834596328,3.2204312124021888,148
2024-06-16,19:34:00,1,24,82,769,0.3520796515924558,4.413661722586713,173
2024-07-12,17:46:00,1,22,46,213,0.22915920646362264,7.814731844261013,715
2024-08-08,15:19:00,0,22,73,292,0.4082225636680906,5.0662836911284765,784
2024-01-18,09:14:00,1,36,81,792,0.030206321053326712,2.5733550687545077,946
